Date,Level
01-Jan-12,74.5
02-Jan-12,74.3
03-Jan-12,74
04-Jan-12,73.7
05-Jan-12,73.1
06-Jan-12,72.9
07-Jan-12,72.6
08-Jan-12,72.3
09-Jan-12,72
10-Jan-12,71.6
11-Jan-12,71.4
12-Jan-12,71.1
13-Jan-12,70.9
14-Jan-12,70.6
15-Jan-12,70.3
16-Jan-12,70.1
17-Jan-12,69.6
18-Jan-12,69.4
19-Jan-12,69.2
20-Jan-12,68.8
21-Jan-12,68.5
22-Jan-12,68.3
23-Jan-12,68
24-Jan-12,67.8
25-Jan-12,67.4
26-Jan-12,67.1
27-Jan-12,66.8
28-Jan-12,66.5
29-Jan-12,66.2
30-Jan-12,66
31-Jan-12,65.5
01-Feb-12,65.2
02-Feb-12,65.1
03-Feb-12,64.8
04-Feb-12,64.5
05-Feb-12,64.3
06-Feb-12,64
07-Feb-12,63.8
08-Feb-12,63.2
09-Feb-12,62.8
10-Feb-12,62.5
11-Feb-12,62.2
12-Feb-12,62
13-Feb-12,61.9
14-Feb-12,61.7
15-Feb-12,61.4
16-Feb-12,61.2
17-Feb-12,60.9
18-Feb-12,60.6
19-Feb-12,60.4
20-Feb-12,60.2
21-Feb-12,59.8
22-Feb-12,59.6
23-Feb-12,59.2
24-Feb-12,59.1
25-Feb-12,58.9
26-Feb-12,58.7
27-Feb-12,58.6
28-Feb-12,58.4
29-Feb-12,58.1
01-Mar-12,58.1
02-Mar-12,57.7
03-Mar-12,57.4
04-Mar-12,57.2
05-Mar-12,57
06-Mar-12,56.7
07-Mar-12,56.5
08-Mar-12,56.2
09-Mar-12,56
10-Mar-12,55.8
11-Mar-12,55.5
12-Mar-12,55.4
13-Mar-12,55.2
14-Mar-12,54.9
15-Mar-12,54.7
16-Mar-12,54.7
17-Mar-12,54.4
18-Mar-12,54.2
19-Mar-12,54
20-Mar-12,53.8
21-Mar-12,53.6
22-Mar-12,53.4
23-Mar-12,53.2
24-Mar-12,53
25-Mar-12,52.8
26-Mar-12,52.5
27-Mar-12,52.3
28-Mar-12,52.1
29-Mar-12,51.9
30-Mar-12,51.8
31-Mar-12,51.8
01-Apr-12,51.8
02-Apr-12,51.8
03-Apr-12,51.7
04-Apr-12,51.7
05-Apr-12,51.6
06-Apr-12,51.5
07-Apr-12,51.5
08-Apr-12,51.5
09-Apr-12,51.8
10-Apr-12,51.8
11-Apr-12,52
12-Apr-12,54.4
13-Apr-12,54.4
14-Apr-12,54.4
15-Apr-12,54.4
16-Apr-12,54.1
17-Apr-12,53.9
18-Apr-12,51.4
19-Apr-12,51.4
20-Apr-12,51.3
21-Apr-12,51.1
22-Apr-12,51
23-Apr-12,50.8
24-Apr-12,50.7
25-Apr-12,50.6
26-Apr-12,50.6
27-Apr-12,50.4
28-Apr-12,50.4
29-Apr-12,50.3
30-Apr-12,50.3
01-May-12,50.1
02-May-12,50.1
03-May-12,50.4
04-May-12,50.7
05-May-12,52
06-May-12,52.1
07-May-12,52.1
08-May-12,52.1
09-May-12,52.1
10-May-12,52
11-May-12,52
12-May-12,52
13-May-12,52
14-May-12,52
15-May-12,52
16-May-12,51.9
17-May-12,51.9
18-May-12,52
19-May-12,51.9
20-May-12,51.9
21-May-12,52
22-May-12,52
23-May-12,52
24-May-12,51.9
25-May-12,51.9
26-May-12,51.9
27-May-12,52.1
28-May-12,52.1
29-May-12,52.1
30-May-12,52.1
31-May-12,52.3
01-Jun-12,52.3
02-Jun-12,52.3
03-Jun-12,52.3
04-Jun-12,52.1
05-Jun-12,52.1
06-Jun-12,52.1
07-Jun-12,52.1
08-Jun-12,53.6
09-Jun-12,55.7
10-Jun-12,56.4
11-Jun-12,56.5
12-Jun-12,56.7
13-Jun-12,56.7
14-Jun-12,56.9
15-Jun-12,57
16-Jun-12,57
17-Jun-12,57
18-Jun-12,57
19-Jun-12,57
20-Jun-12,57
21-Jun-12,57
22-Jun-12,56.9
23-Jun-12,56.9
24-Jun-12,56.9
25-Jun-12,57
26-Jun-12,57
27-Jun-12,59.8
28-Jun-12,61
29-Jun-12,61
30-Jun-12,61
01-Jul-12,62
02-Jul-12,62
03-Jul-12,62.4
04-Jul-12,62.4
05-Jul-12,62.4
06-Jul-12,62.8
07-Jul-12,63.8
08-Jul-12,63.8
09-Jul-12,63.8
10-Jul-12,64.4
11-Jul-12,65.9
12-Jul-12,66.3
13-Jul-12,66.6
14-Jul-12,66.6
15-Jul-12,66.6
16-Jul-12,67.2
17-Jul-12,67.3
18-Jul-12,67.3
19-Jul-12,67.3
20-Jul-12,67.3
21-Jul-12,67.4
22-Jul-12,67.8
23-Jul-12,70.6
24-Jul-12,70.6
25-Jul-12,71
26-Jul-12,71.2
27-Jul-12,71.2
28-Jul-12,71.4
29-Jul-12,71.4
30-Jul-12,71.6
31-Jul-12,71.6
01-Aug-12,71.8
02-Aug-12,71.8
03-Aug-12,72.1
04-Aug-12,72.1
05-Aug-12,72.1
06-Aug-12,72.7
07-Aug-12,73.4
08-Aug-12,74.6
09-Aug-12,75.4
10-Aug-12,75.4
11-Aug-12,76.1
12-Aug-12,76.5
13-Aug-12,80.7
14-Aug-12,80.7
15-Aug-12,84
16-Aug-12,86.6
17-Aug-12,88.5
18-Aug-12,88.5
19-Aug-12,88.5
20-Aug-12,89.8
21-Aug-12,90.2
22-Aug-12,90.6
23-Aug-12,90.8
24-Aug-12,91.1
25-Aug-12,91.1
26-Aug-12,91.1
27-Aug-12,93.4
28-Aug-12,93.9
29-Aug-12,93.9
30-Aug-12,94.4
31-Aug-12,94.4
01-Sep-12,95.9
02-Sep-12,96.8
03-Sep-12,97
04-Sep-12,97.2
05-Sep-12,97.5
06-Sep-12,97.9
07-Sep-12,98
08-Sep-12,98
09-Sep-12,98
10-Sep-12,98.3
11-Sep-12,99.1
12-Sep-12,99.4
13-Sep-12,99.4
14-Sep-12,99.6
15-Sep-12,99.6
16-Sep-12,99.7
17-Sep-12,99.7
18-Sep-12,99.7
19-Sep-12,99.7
20-Sep-12,99.8
21-Sep-12,99.8
22-Sep-12,99.8
23-Sep-12,100.1
24-Sep-12,101.1
25-Sep-12,101.1
26-Sep-12,101.1
27-Sep-12,101.1
28-Sep-12,102.2
29-Sep-12,102.2
30-Sep-12,102.2
01-Oct-12,102.8
02-Oct-12,102.8
03-Oct-12,102.8
04-Oct-12,103.1
05-Oct-12,102.6
06-Oct-12,102.6
07-Oct-12,102.6
08-Oct-12,102.2
09-Oct-12,102.2
10-Oct-12,102.1
11-Oct-12,102
12-Oct-12,102
13-Oct-12,102
14-Oct-12,101.9
15-Oct-12,101.7
16-Oct-12,101.5
17-Oct-12,101.5
18-Oct-12,101.5
19-Oct-12,101.7
20-Oct-12,102.5
21-Oct-12,102.5
22-Oct-12,103.3
23-Oct-12,103.3
24-Oct-12,103.2
25-Oct-12,103.2
26-Oct-12,103.1
27-Oct-12,103.1
28-Oct-12,103
29-Oct-12,102.2
30-Oct-12,102.2
31-Oct-12,101.8
01-Nov-12,101.5
02-Nov-12,101.3
03-Nov-12,101.2
04-Nov-12,101.2
05-Nov-12,101
06-Nov-12,101
07-Nov-12,100.7
08-Nov-12,100.3
09-Nov-12,100.2
10-Nov-12,100.1
11-Nov-12,100
12-Nov-12,100
13-Nov-12,100
14-Nov-12,100
15-Nov-12,100
16-Nov-12,100
17-Nov-12,99.4
18-Nov-12,99.2
19-Nov-12,99.1
20-Nov-12,99.1
21-Nov-12,98.7
22-Nov-12,98.5
23-Nov-12,98.3
24-Nov-12,98.3
25-Nov-12,98
26-Nov-12,97.8
27-Nov-12,97.8
28-Nov-12,97.6
29-Nov-12,97.2
30-Nov-12,97
01-Dec-12,96.8
02-Dec-12,96.8
03-Dec-12,96.4
04-Dec-12,96.2
05-Dec-12,95.9
06-Dec-12,95.7
07-Dec-12,95.4
08-Dec-12,95.2
09-Dec-12,95
10-Dec-12,94.7
11-Dec-12,94.4
12-Dec-12,94.1
13-Dec-12,93.9
14-Dec-12,93.7
15-Dec-12,93.4
16-Dec-12,93
17-Dec-12,92.6
18-Dec-12,92.3
19-Dec-12,92.1
20-Dec-12,91.9
21-Dec-12,91.7
22-Dec-12,91.5
23-Dec-12,91.5
24-Dec-12,91.3
25-Dec-12,90.7
26-Dec-12,90.5
27-Dec-12,90.3
28-Dec-12,90.3
29-Dec-12,89.8
30-Dec-12,89.3
31-Dec-12,88.9
01-Jan-13,88.7
02-Jan-13,88.5
03-Jan-13,88.5
04-Jan-13,87.9
05-Jan-13,87.7
06-Jan-13,87.4
07-Jan-13,87.1
08-Jan-13,86.8
09-Jan-13,86.8
10-Jan-13,86.3
11-Jan-13,86
12-Jan-13,85.7
13-Jan-13,85.4
14-Jan-13,85.4
15-Jan-13,84.7
16-Jan-13,84.6
17-Jan-13,84.4
18-Jan-13,84.4
19-Jan-13,84
20-Jan-13,83.7
21-Jan-13,83.2
22-Jan-13,83
23-Jan-13,82.7
24-Jan-13,82.5
25-Jan-13,82.2
26-Jan-13,81.1
27-Jan-13,81
28-Jan-13,80.8
29-Jan-13,80.6
30-Jan-13,80.5
31-Jan-13,80.2
01-Feb-13,80
02-Feb-13,79.7
03-Feb-13,79.3
04-Feb-13,79.3
05-Feb-13,78.7
06-Feb-13,78.2
07-Feb-13,77.9
08-Feb-13,77.9
09-Feb-13,77.9
10-Feb-13,77.9
11-Feb-13,77.6
12-Feb-13,77.4
13-Feb-13,77.3
14-Feb-13,77.3
15-Feb-13,76.7
16-Feb-13,76.7
17-Feb-13,76.7
18-Feb-13,76
19-Feb-13,75.9
20-Feb-13,75.8
21-Feb-13,75.5
22-Feb-13,74.9
23-Feb-13,74.7
24-Feb-13,74.3
25-Feb-13,75.3
26-Feb-13,74.1
27-Feb-13,73.9
28-Feb-13,73.7
01-Mar-13,73.6
02-Mar-13,73.4
03-Mar-13,73.2
04-Mar-13,73
05-Mar-13,72.9
06-Mar-13,72.7
07-Mar-13,72.5
08-Mar-13,72.3
09-Mar-13,72.2
10-Mar-13,72
11-Mar-13,71.8
12-Mar-13,71.6
13-Mar-13,71.5
14-Mar-13,71.3
15-Mar-13,71.1
16-Mar-13,70.9
17-Mar-13,70.8
18-Mar-13,70.6
19-Mar-13,70.4
20-Mar-13,70.2
21-Mar-13,70.1
22-Mar-13,69.9
23-Mar-13,69.7
24-Mar-13,69.6
25-Mar-13,69.4
26-Mar-13,69.2
27-Mar-13,69
28-Mar-13,68.7
29-Mar-13,67.1
30-Mar-13,66.9
31-Mar-13,66.8
01-Apr-13,66.8
02-Apr-13,67.1
03-Apr-13,67.3
04-Apr-13,67.3
05-Apr-13,67.1
06-Apr-13,66.9
07-Apr-13,66.8
08-Apr-13,66.6
09-Apr-13,66.5
10-Apr-13,66.3
11-Apr-13,66.2
12-Apr-13,66.1
13-Apr-13,66
14-Apr-13,65.8
15-Apr-13,65.7
16-Apr-13,65.5
17-Apr-13,65.5
18-Apr-13,67.8
19-Apr-13,68.2
20-Apr-13,68.2
21-Apr-13,68.2
22-Apr-13,68.1
23-Apr-13,68
24-Apr-13,67.8
25-Apr-13,67.8
26-Apr-13,67.7
27-Apr-13,67.6
28-Apr-13,67.5
29-Apr-13,67.3
30-Apr-13,67.1
01-May-13,66.9
02-May-13,66.8
03-May-13,66.8
04-May-13,66.7
05-May-13,66.6
06-May-13,66.5
07-May-13,66.3
08-May-13,66.3
09-May-13,66.2
10-May-13,66.1
11-May-13,66
12-May-13,65.9
13-May-13,65.8
14-May-13,65.7
15-May-13,65.7
16-May-13,65.6
17-May-13,65.5
18-May-13,65.4
19-May-13,65.3
20-May-13,65.2
21-May-13,65.2
22-May-13,65.1
23-May-13,65
24-May-13,65.2
25-May-13,65.1
26-May-13,65.1
27-May-13,65.1
28-May-13,65.1
29-May-13,65.4
30-May-13,65.4
31-May-13,67.4
01-Jun-13,67.6
02-Jun-13,67.6
03-Jun-13,72.1
04-Jun-13,72.2
05-Jun-13,74.1
06-Jun-13,74.6
07-Jun-13,74.7
08-Jun-13,74.9
09-Jun-13,76.8
10-Jun-13,77
11-Jun-13,77.2
12-Jun-13,77.2
13-Jun-13,77.2
14-Jun-13,77.2
15-Jun-13,78.8
16-Jun-13,78.8
17-Jun-13,79.1
18-Jun-13,79.1
19-Jun-13,79.3
20-Jun-13,79.5
21-Jun-13,79.5
22-Jun-13,79.5
23-Jun-13,79.5
24-Jun-13,79.7
25-Jun-13,79.7
26-Jun-13,83
27-Jun-13,84.1
28-Jun-13,84.5
29-Jun-13,84.8
30-Jun-13,84.9
01-Jul-13,84.9
02-Jul-13,84.9
03-Jul-13,84.9
04-Jul-13,84.9
05-Jul-13,85
06-Jul-13,85
07-Jul-13,85
08-Jul-13,84.9
09-Jul-13,84.9
10-Jul-13,84.9
11-Jul-13,84.9
12-Jul-13,84.8
13-Jul-13,84.8
14-Jul-13,84.8
15-Jul-13,84.8
16-Jul-13,84.8
17-Jul-13,84.8
18-Jul-13,84.8
19-Jul-13,85.6
20-Jul-13,85.6
21-Jul-13,87.8
22-Jul-13,88.5
23-Jul-13,88.5
24-Jul-13,89.3
25-Jul-13,89.3
26-Jul-13,89.6
27-Jul-13,90.1
28-Jul-13,90.8
29-Jul-13,91.8
30-Jul-13,92.3
31-Jul-13,92.5
01-Aug-13,92.5
02-Aug-13,92.7
03-Aug-13,92.9
04-Aug-13,92.9
05-Aug-13,92.9
06-Aug-13,92.9
07-Aug-13,93.1
08-Aug-13,95.2
09-Aug-13,96.4
10-Aug-13,96.8
11-Aug-13,97.1
12-Aug-13,97.1
13-Aug-13,99.9
14-Aug-13,102.1
15-Aug-13,103.3
16-Aug-13,105.7
17-Aug-13,107.3
18-Aug-13,107.3
19-Aug-13,106.6
20-Aug-13,105.7
21-Aug-13,105.7
22-Aug-13,105.9
23-Aug-13,105.4
24-Aug-13,105.2
25-Aug-13,104.9
26-Aug-13,104.3
27-Aug-13,105.2
28-Aug-13,105.2
29-Aug-13,109.7
30-Aug-13,109.4
31-Aug-13,109.2
01-Sep-13,108.6
02-Sep-13,107.5
03-Sep-13,106.9
04-Sep-13,106.2
05-Sep-13,105.5
06-Sep-13,104.9
07-Sep-13,104.4
08-Sep-13,103.9
09-Sep-13,103.6
10-Sep-13,103.3
11-Sep-13,103.1
12-Sep-13,102.8
13-Sep-13,102.8
14-Sep-13,102.8
15-Sep-13,102.8
16-Sep-13,104.9
17-Sep-13,104.9
18-Sep-13,104.9
19-Sep-13,104.8
20-Sep-13,105.2
21-Sep-13,105.5
22-Sep-13,105.5
23-Sep-13,105.2
24-Sep-13,105.2
25-Sep-13,104.5
26-Sep-13,103.9
27-Sep-13,103.9
28-Sep-13,103.7
29-Sep-13,103.5
30-Sep-13,103.3
01-Oct-13,103.3
02-Oct-13,103.1
03-Oct-13,102.9
04-Oct-13,102.6
05-Oct-13,102.6
06-Oct-13,102.2
07-Oct-13,102
08-Oct-13,101.8
09-Oct-13,101.7
10-Oct-13,101.7
11-Oct-13,101.6
12-Oct-13,101.6
13-Oct-13,101.4
14-Oct-13,101.2
15-Oct-13,101.1
16-Oct-13,101.1
17-Oct-13,101.1
18-Oct-13,101
19-Oct-13,101
20-Oct-13,101
21-Oct-13,100.8
22-Oct-13,100.8
23-Oct-13,100.8
24-Oct-13,100.7
25-Oct-13,100.7
26-Oct-13,101
27-Oct-13,101
28-Oct-13,101
29-Oct-13,101
30-Oct-13,100.8
31-Oct-13,100.8
01-Nov-13,101.1
02-Nov-13,102.5
03-Nov-13,102.1
04-Nov-13,101.7
05-Nov-13,101.6
06-Nov-13,101.6
07-Nov-13,101.6
08-Nov-13,101.2
09-Nov-13,101.1
10-Nov-13,101.1
11-Nov-13,100.8
12-Nov-13,100.6
13-Nov-13,100.5
14-Nov-13,100.5
15-Nov-13,100.2
16-Nov-13,104.2
17-Nov-13,106.6
18-Nov-13,106.6
19-Nov-13,106.4
20-Nov-13,105.5
21-Nov-13,105.3
22-Nov-13,104.3
23-Nov-13,104.1
24-Nov-13,103.3
25-Nov-13,103.1
26-Nov-13,102.9
27-Nov-13,102.3
28-Nov-13,102.1
29-Nov-13,101.9
30-Nov-13,101.7
01-Dec-13,101.5
02-Dec-13,101.3
03-Dec-13,101.1
04-Dec-13,101
05-Dec-13,100.7
06-Dec-13,100.6
07-Dec-13,100.3
08-Dec-13,100.1
09-Dec-13,100.1
10-Dec-13,99.9
11-Dec-13,99.8
12-Dec-13,99.6
13-Dec-13,99.5
14-Dec-13,98.8
15-Dec-13,99.2
16-Dec-13,98.8
17-Dec-13,98.5
18-Dec-13,98.2
19-Dec-13,97.9
20-Dec-13,97.6
21-Dec-13,97.1
22-Dec-13,96.9
23-Dec-13,96.5
24-Dec-13,96.1
25-Dec-13,95.9
26-Dec-13,95.7
27-Dec-13,95.3
28-Dec-13,95.1
29-Dec-13,94.7
30-Dec-13,94.4
31-Dec-13,94
01-Jan-14,93.7
02-Jan-14,93.4
03-Jan-14,93.1
04-Jan-14,92.9
05-Jan-14,92.6
06-Jan-14,92.3
07-Jan-14,93
08-Jan-14,94.1
09-Jan-14,94.1
10-Jan-14,94.4
11-Jan-14,94.7
12-Jan-14,94.3
13-Jan-14,93.9
14-Jan-14,93.9
15-Jan-14,93.7
16-Jan-14,93.4
17-Jan-14,93.4
18-Jan-14,92.7
19-Jan-14,92.3
20-Jan-14,91.9
21-Jan-14,91.6
22-Jan-14,91.3
23-Jan-14,91
24-Jan-14,90.7
25-Jan-14,90.6
26-Jan-14,90.3
27-Jan-14,89.9
28-Jan-14,89.7
29-Jan-14,89.5
30-Jan-14,89
31-Jan-14,88.7
01-Feb-14,88.5
02-Feb-14,88.3
03-Feb-14,88
04-Feb-14,87.8
05-Feb-14,87.7
06-Feb-14,87.5
07-Feb-14,87.3
08-Feb-14,87
09-Feb-14,86.7
10-Feb-14,86.4
11-Feb-14,86.1
12-Feb-14,85.9
13-Feb-14,85.7
14-Feb-14,85.2
15-Feb-14,85
16-Feb-14,84.8
17-Feb-14,84.7
18-Feb-14,84.5
19-Feb-14,84.2
20-Feb-14,84
21-Feb-14,83.8
22-Feb-14,83.6
23-Feb-14,83.4
24-Feb-14,83.2
25-Feb-14,83
26-Feb-14,82.8
27-Feb-14,82.6
28-Feb-14,82.4
01-Mar-14,82.2
02-Mar-14,81.6
03-Mar-14,81.1
04-Mar-14,81
05-Mar-14,80.7
06-Mar-14,80.4
07-Mar-14,90
08-Mar-14,79.8
09-Mar-14,79.6
10-Mar-14,79.3
11-Mar-14,79.2
12-Mar-14,79.1
13-Mar-14,78.8
14-Mar-14,78.5
15-Mar-14,78.4
16-Mar-14,78.2
17-Mar-14,78
18-Mar-14,77.8
19-Mar-14,77.8
20-Mar-14,77.4
21-Mar-14,77.3
22-Mar-14,77.1
23-Mar-14,76.9
24-Mar-14,76.5
25-Mar-14,76.3
26-Mar-14,76.3
27-Mar-14,77
28-Mar-14,76.7
29-Mar-14,76.7
30-Mar-14,76.5
31-Mar-14,76.3
01-Apr-14,76.3
02-Apr-14,76.4
03-Apr-14,77
04-Apr-14,77
05-Apr-14,76.8
06-Apr-14,76.6
07-Apr-14,76.4
08-Apr-14,76.3
09-Apr-14,76.3
10-Apr-14,76.2
11-Apr-14,76.1
12-Apr-14,76.1
13-Apr-14,76
14-Apr-14,75.9
15-Apr-14,75.7
16-Apr-14,75.4
17-Apr-14,75.3
18-Apr-14,75.2
19-Apr-14,75.1
20-Apr-14,74.9
21-Apr-14,74.8
22-Apr-14,74.7
23-Apr-14,74.7
24-Apr-14,74.5
25-Apr-14,74.5
26-Apr-14,74.3
27-Apr-14,74.1
28-Apr-14,73.9
29-Apr-14,73.8
30-Apr-14,73.8
01-May-14,73.7
02-May-14,73.7
03-May-14,73.5
04-May-14,73.5
05-May-14,73.4
06-May-14,73.4
07-May-14,73.3
08-May-14,73.3
09-May-14,73.3
10-May-14,73.8
11-May-14,74.3
12-May-14,74.3
13-May-14,74.6
14-May-14,74.5
15-May-14,74.5
16-May-14,74.7
17-May-14,74.7
18-May-14,74.7
19-May-14,74.6
20-May-14,74.6
21-May-14,74.6
22-May-14,74.6
23-May-14,74.7
24-May-14,74.7
25-May-14,74.7
26-May-14,75.4
27-May-14,75.4
28-May-14,75.4
29-May-14,76.1
30-May-14,76.5
31-May-14,77.4
01-Jun-14,77.4
02-Jun-14,77.4
03-Jun-14,79.3
04-Jun-14,82.1
05-Jun-14,85.4
06-Jun-14,86.4
07-Jun-14,86.8
08-Jun-14,86.8
09-Jun-14,87.9
10-Jun-14,89.7
11-Jun-14,90.2
12-Jun-14,90.6
13-Jun-14,90.8
14-Jun-14,90.8
15-Jun-14,91.8
16-Jun-14,95.9
17-Jun-14,96.1
18-Jun-14,96.5
19-Jun-14,96.5
20-Jun-14,96.5
21-Jun-14,98.2
22-Jun-14,98.5
23-Jun-14,98.5
24-Jun-14,98.5
25-Jun-14,98.5
26-Jun-14,99.1
27-Jun-14,100
28-Jun-14,100.3
29-Jun-14,100.6
30-Jun-14,100.6
01-Jul-14,100.6
02-Jul-14,100.6
03-Jul-14,100.6
04-Jul-14,100.6
05-Jul-14,101.1
06-Jul-14,102.2
07-Jul-14,102.2
08-Jul-14,102.2
09-Jul-14,102.1
10-Jul-14,102.1
11-Jul-14,101.9
12-Jul-14,101.9
13-Jul-14,101.7
14-Jul-14,101.6
15-Jul-14,101.6
16-Jul-14,101.5
17-Jul-14,101.5
18-Jul-14,103.3
19-Jul-14,104.2
20-Jul-14,104.2
21-Jul-14,103.9
22-Jul-14,103.7
23-Jul-14,103.3
24-Jul-14,103.1
25-Jul-14,103.5
26-Jul-14,105.3
27-Jul-14,105.5
28-Jul-14,105.4
29-Jul-14,105.4
30-Jul-14,105.4
31-Jul-14,105.2
01-Aug-14,103.2
02-Aug-14,103.2
03-Aug-14,103
04-Aug-14,102.8
05-Aug-14,103.1
06-Aug-14,103.1
07-Aug-14,103.3
08-Aug-14,103.3
09-Aug-14,103.1
10-Aug-14,102.9
11-Aug-14,102.9
12-Aug-14,102.6
13-Aug-14,102.6
14-Aug-14,102.8
15-Aug-14,102.9
16-Aug-14,102.2
17-Aug-14,102.2
18-Aug-14,102.2
19-Aug-14,102.2
20-Aug-14,102.2
21-Aug-14,102
22-Aug-14,103.3
23-Aug-14,103.3
24-Aug-14,103.3
25-Aug-14,102.8
26-Aug-14,102.8
27-Aug-14,103.3
28-Aug-14,105.6
29-Aug-14,106.2
30-Aug-14,106.2
31-Aug-14,106.2
01-Sep-14,105.7
02-Sep-14,105.6
03-Sep-14,104.6
04-Sep-14,104.3
05-Sep-14,103.2
06-Sep-14,103
07-Sep-14,102.8
08-Sep-14,102.7
09-Sep-14,102.5
10-Sep-14,102.1
11-Sep-14,102
12-Sep-14,101.9
13-Sep-14,101.5
14-Sep-14,101.3
15-Sep-14,101.3
16-Sep-14,100.4
17-Sep-14,100.4
18-Sep-14,100.4
19-Sep-14,101.8
20-Sep-14,104.5
21-Sep-14,102
22-Sep-14,102.1
23-Sep-14,101.9
24-Sep-14,101.5
25-Sep-14,101.5
26-Sep-14,101.2
27-Sep-14,101.7
28-Sep-14,101.7
29-Sep-14,101.7
30-Sep-14,101.2
01-Oct-14,101.3
02-Oct-14,101.2
03-Oct-14,101.1
04-Oct-14,101.1
05-Oct-14,101
06-Oct-14,101
07-Oct-14,101
08-Oct-14,100.8
09-Oct-14,100.8
10-Oct-14,100.6
11-Oct-14,100.4
12-Oct-14,100.4
13-Oct-14,100.1
14-Oct-14,100.1
15-Oct-14,100.1
16-Oct-14,100
17-Oct-14,100
18-Oct-14,99.9
19-Oct-14,99.8
20-Oct-14,99.7
21-Oct-14,99.7
22-Oct-14,99.6
23-Oct-14,99.6
24-Oct-14,99.4
25-Oct-14,99.2
26-Oct-14,98.9
27-Oct-14,98.5
28-Oct-14,98.5
29-Oct-14,98.4
30-Oct-14,98.4
31-Oct-14,98
01-Nov-14,97.8
02-Nov-14,97.5
03-Nov-14,97.5
04-Nov-14,97.5
05-Nov-14,96.6
06-Nov-14,96.8
07-Nov-14,96.6
08-Nov-14,96.4
09-Nov-14,96.2
10-Nov-14,95.9
11-Nov-14,95.8
12-Nov-14,95.8
13-Nov-14,95.8
14-Nov-14,95.6
15-Nov-14,95.9
16-Nov-14,96
17-Nov-14,95.9
18-Nov-14,95.9
19-Nov-14,95.8
20-Nov-14,95.8
21-Nov-14,95.7
22-Nov-14,95.6
23-Nov-14,95
24-Nov-14,94.8
25-Nov-14,94.6
26-Nov-14,94.6
27-Nov-14,94.6
28-Nov-14,94.6
29-Nov-14,93.8
30-Nov-14,93.6
01-Dec-14,93.4
02-Dec-14,93.1
03-Dec-14,92.9
04-Dec-14,92.5
05-Dec-14,92.3
06-Dec-14,92.1
07-Dec-14,91.9
08-Dec-14,91.7
09-Dec-14,91.5
10-Dec-14,91.1
11-Dec-14,91.1
12-Dec-14,91.1
13-Dec-14,90.5
14-Dec-14,90
15-Dec-14,89.8
16-Dec-14,89.6
17-Dec-14,89.3
18-Dec-14,88.8
19-Dec-14,88.7
20-Dec-14,88.7
21-Dec-14,88.4
22-Dec-14,87.9
23-Dec-14,87.7
24-Dec-14,87.4
25-Dec-14,87
26-Dec-14,86.7
27-Dec-14,86.4
28-Dec-14,86.1
29-Dec-14,85.9
30-Dec-14,85.7
31-Dec-14,85.4
01-Jan-15,85.1
02-Jan-15,84.8
03-Jan-15,84.7
04-Jan-15,84.4
05-Jan-15,84.4
06-Jan-15,83.9
07-Jan-15,83.6
08-Jan-15,83.3
09-Jan-15,82.9
10-Jan-15,82.6
11-Jan-15,82.2
12-Jan-15,82.1
13-Jan-15,81.9
14-Jan-15,81.4
15-Jan-15,81
16-Jan-15,80.9
17-Jan-15,80.6
18-Jan-15,80.3
19-Jan-15,80
20-Jan-15,79.7
21-Jan-15,79.6
22-Jan-15,79.3
23-Jan-15,78.9
24-Jan-15,78.7
25-Jan-15,78.5
26-Jan-15,78.4
27-Jan-15,77.9
28-Jan-15,77.4
29-Jan-15,77.2
30-Jan-15,76.9
31-Jan-15,76.5
01-Feb-15,76.3
02-Feb-15,75.7
03-Feb-15,75.5
04-Feb-15,75.4
05-Feb-15,75.2
06-Feb-15,74.9
07-Feb-15,74.7
08-Feb-15,74.5
09-Feb-15,74.4
10-Feb-15,74.3
11-Feb-15,74.2
12-Feb-15,73.8
13-Feb-15,73.7
14-Feb-15,73.5
15-Feb-15,73.4
16-Feb-15,73.2
17-Feb-15,73
18-Feb-15,72.9
19-Feb-15,72.5
20-Feb-15,70.9
21-Feb-15,69.9
22-Feb-15,69.8
23-Feb-15,70.1
24-Feb-15,69.6
25-Feb-15,69.6
26-Feb-15,69.1
27-Feb-15,68.8
28-Feb-15,68.5
01-Mar-15,68.2
02-Mar-15,67.8
03-Mar-15,67.5
04-Mar-15,67.3
05-Mar-15,66.9
06-Mar-15,66.8
07-Mar-15,66.5
08-Mar-15,66.2
09-Mar-15,66
10-Mar-15,66
11-Mar-15,65.5
12-Mar-15,65.2
13-Mar-15,64.8
14-Mar-15,64.4
15-Mar-15,64.3
16-Mar-15,64
17-Mar-15,63.7
18-Mar-15,63.5
19-Mar-15,63.2
20-Mar-15,62.8
21-Mar-15,62.5
22-Mar-15,62.4
23-Mar-15,62.3
24-Mar-15,62
25-Mar-15,61.8
26-Mar-15,61.6
27-Mar-15,61.3
28-Mar-15,61.1
29-Mar-15,60.8
30-Mar-15,60.5
31-Mar-15,60.3
01-Apr-15,60.1
02-Apr-15,59.8
03-Apr-15,59.5
04-Apr-15,59.3
05-Apr-15,59
06-Apr-15,58.7
07-Apr-15,58.5
08-Apr-15,58.4
09-Apr-15,58.1
10-Apr-15,57.8
11-Apr-15,57.7
12-Apr-15,57.5
13-Apr-15,57.4
14-Apr-15,57.2
15-Apr-15,57.1
16-Apr-15,57.1
17-Apr-15,56.4
18-Apr-15,56.4
19-Apr-15,56.4
20-Apr-15,55.8
21-Apr-15,55.7
22-Apr-15,55.5
23-Apr-15,55.3
24-Apr-15,55.1
25-Apr-15,54.8
26-Apr-15,54.6
27-Apr-15,54.4
28-Apr-15,54.3
29-Apr-15,54.1
30-Apr-15,53.8
01-May-15,53.6
02-May-15,53.4
03-May-15,53.3
04-May-15,53.2
05-May-15,53
06-May-15,52.8
07-May-15,52.7
08-May-15,52.5
09-May-15,52.4
10-May-15,52.3
11-May-15,52
12-May-15,51.8
13-May-15,51.6
14-May-15,51.4
15-May-15,51.3
16-May-15,51.3
17-May-15,51.1
18-May-15,51
19-May-15,50.8
20-May-15,50.7
21-May-15,50.6
22-May-15,50.4
23-May-15,50.2
24-May-15,50.1
25-May-15,50
26-May-15,49.8
27-May-15,49.6
28-May-15,49.5
29-May-15,49.3
30-May-15,49.2
31-May-15,49.1
01-Jun-15,49.1
02-Jun-15,49.3
03-Jun-15,50.6
04-Jun-15,51.6
05-Jun-15,52.1
06-Jun-15,52.5
07-Jun-15,52.5
08-Jun-15,52.4
09-Jun-15,52.4
10-Jun-15,52.3
11-Jun-15,52.3
12-Jun-15,52.3
13-Jun-15,52.3
14-Jun-15,52.2
15-Jun-15,52.2
16-Jun-15,52.5
17-Jun-15,52.8
18-Jun-15,53.1
19-Jun-15,53.2
20-Jun-15,53.2
21-Jun-15,53.1
22-Jun-15,53.1
23-Jun-15,53
24-Jun-15,53
25-Jun-15,54.9
26-Jun-15,55.4
27-Jun-15,55.4
28-Jun-15,55.5
29-Jun-15,55.7
30-Jun-15,55.7
01-Jul-15,55.7
02-Jul-15,55.6
03-Jul-15,55.6
04-Jul-15,55.6
05-Jul-15,55.5
06-Jul-15,55.4
07-Jul-15,55.4
08-Jul-15,55.4
09-Jul-15,55.3
10-Jul-15,55.2
11-Jul-15,55.2
12-Jul-15,55.2
13-Jul-15,55.4
14-Jul-15,55.4
15-Jul-15,55.4
16-Jul-15,55.3
17-Jul-15,55.3
18-Jul-15,58.2
19-Jul-15,58.2
20-Jul-15,59.6
21-Jul-15,59.9
22-Jul-15,60.2
23-Jul-15,61.1
24-Jul-15,62.4
25-Jul-15,63.5
26-Jul-15,64.4
27-Jul-15,64.4
28-Jul-15,64.8
29-Jul-15,64.8
30-Jul-15,64.8
31-Jul-15,67.6
01-Aug-15,68.1
02-Aug-15,68.3
03-Aug-15,68.5
04-Aug-15,68.5
05-Aug-15,70.8
06-Aug-15,70.8
07-Aug-15,71
08-Aug-15,71.2
09-Aug-15,71.4
10-Aug-15,71.4
11-Aug-15,71.4
12-Aug-15,71.4
13-Aug-15,71.4
14-Aug-15,71.9
15-Aug-15,71.9
16-Aug-15,72.2
17-Aug-15,72.4
18-Aug-15,72.5
19-Aug-15,72.7
20-Aug-15,72.9
21-Aug-15,72.9
22-Aug-15,72.9
23-Aug-15,72.9
24-Aug-15,72.9
25-Aug-15,72.9
26-Aug-15,73.1
27-Aug-15,73.1
28-Aug-15,73.1
29-Aug-15,73.2
30-Aug-15,73.2
31-Aug-15,73.6
01-Sep-15,74.6
02-Sep-15,75.2
03-Sep-15,75.4
04-Sep-15,75.4
05-Sep-15,75.4
06-Sep-15,75.4
07-Sep-15,75.2
08-Sep-15,75.6
09-Sep-15,75.7
10-Sep-15,75.7
11-Sep-15,75.8
12-Sep-15,76.1
13-Sep-15,76.1
14-Sep-15,75.9
15-Sep-15,76.1
16-Sep-15,76.1
17-Sep-15,76.1
18-Sep-15,76.2
19-Sep-15,76.1
20-Sep-15,76.1
21-Sep-15,76.1
22-Sep-15,76.1
23-Sep-15,76.1
24-Sep-15,76.1
25-Sep-15,76
26-Sep-15,76
27-Sep-15,76
28-Sep-15,76.1
29-Sep-15,76.1
30-Sep-15,76.5
01-Oct-15,76.8
02-Oct-15,76.8
03-Oct-15,76.8
04-Oct-15,76.5
05-Oct-15,76.5
06-Oct-15,77
07-Oct-15,77
08-Oct-15,76.9
09-Oct-15,76.8
10-Oct-15,76.8
11-Oct-15,76.6
12-Oct-15,76.5
13-Oct-15,76.5
14-Oct-15,76.5
15-Oct-15,76.8
16-Oct-15,76.4
17-Oct-15,76.3
18-Oct-15,76.3
19-Oct-15,76.1
20-Oct-15,75.9
21-Oct-15,75.7
22-Oct-15,75.5
23-Oct-15,75.5
24-Oct-15,75.4
25-Oct-15,75.4
26-Oct-15,75.2
27-Oct-15,74.9
28-Oct-15,74.7
29-Oct-15,74.7
30-Oct-15,74.5
31-Oct-15,74.4
01-Nov-15,74.4
02-Nov-15,74.3
03-Nov-15,74.1
04-Nov-15,73.7
05-Nov-15,73.6
06-Nov-15,73.5
07-Nov-15,73
08-Nov-15,72.9
09-Nov-15,72.9
10-Nov-15,72.7
11-Nov-15,72.4
12-Nov-15,72
13-Nov-15,71.6
14-Nov-15,71.5
15-Nov-15,71.3
16-Nov-15,71.2
17-Nov-15,71
18-Nov-15,70.7
19-Nov-15,70.3
20-Nov-15,69.3
21-Nov-15,69.8
22-Nov-15,69.6
23-Nov-15,69.6
24-Nov-15,69.4
25-Nov-15,69.2
26-Nov-15,69
27-Nov-15,68.9
28-Nov-15,68.5
29-Nov-15,68.4
30-Nov-15,68.2
01-Dec-15,67.8
02-Dec-15,67.7
03-Dec-15,67.5
04-Dec-15,67.1
05-Dec-15,66.8
06-Dec-15,66.7
07-Dec-15,66.5
08-Dec-15,66.2
09-Dec-15,66
10-Dec-15,65.8
11-Dec-15,65.7
12-Dec-15,65.3
13-Dec-15,65
14-Dec-15,64.6
15-Dec-15,64.3
16-Dec-15,64
17-Dec-15,63.7
18-Dec-15,63.5
19-Dec-15,63.2
20-Dec-15,63
21-Dec-15,62.7
22-Dec-15,62.4
23-Dec-15,62.1
24-Dec-15,61.8
25-Dec-15,61.6
26-Dec-15,61.3
27-Dec-15,60.9
28-Dec-15,60.7
29-Dec-15,60.4
30-Dec-15,60.1
31-Dec-15,59.8
01-Jan-16,59.4
02-Jan-16,59.1
03-Jan-16,58.8
04-Jan-16,58.6
05-Jan-16,58.4
06-Jan-16,58
07-Jan-16,57.7
08-Jan-16,57.4
09-Jan-16,57.2
10-Jan-16,56.9
11-Jan-16,56.4
12-Jan-16,56.1
13-Jan-16,55.8
14-Jan-16,55.4
15-Jan-16,55.1
16-Jan-16,54.8
17-Jan-16,54.5
18-Jan-16,54.2
19-Jan-16,53.9
20-Jan-16,53.6
21-Jan-16,53.3
22-Jan-16,53
23-Jan-16,52.6
24-Jan-16,52.3
25-Jan-16,52
26-Jan-16,51.8
27-Jan-16,51.5
28-Jan-16,51.2
29-Jan-16,50.9
30-Jan-16,50.7
31-Jan-16,50.3
01-Feb-16,50.1
02-Feb-16,49.7
03-Feb-16,49.4
04-Feb-16,49.1
05-Feb-16,48.8
06-Feb-16,48.7
07-Feb-16,48.1
08-Feb-16,47.7
09-Feb-16,47.3
10-Feb-16,47
11-Feb-16,46.7
12-Feb-16,46.3
13-Feb-16,46
14-Feb-16,46
15-Feb-16,45.4
16-Feb-16,45.3
17-Feb-16,44.8
18-Feb-16,44.6
19-Feb-16,44.4
20-Feb-16,44.1
21-Feb-16,43.8
22-Feb-16,43.5
23-Feb-16,42.8
24-Feb-16,42.6
25-Feb-16,42.6
26-Feb-16,42.5
27-Feb-16,42.2
28-Feb-16,41.9
29-Feb-16,41.4
01-Mar-16,41.2
02-Mar-16,40.9
03-Mar-16,40.7
04-Mar-16,40.5
05-Mar-16,40.3
06-Mar-16,40
07-Mar-16,39.8
08-Mar-16,39.6
09-Mar-16,39.3
10-Mar-16,38.9
11-Mar-16,38.6
12-Mar-16,38.4
13-Mar-16,38.2
14-Mar-16,37.8
15-Mar-16,37.6
16-Mar-16,37.4
17-Mar-16,37.2
18-Mar-16,36.9
19-Mar-16,36.7
20-Mar-16,36.5
21-Mar-16,36.3
22-Mar-16,36
23-Mar-16,35.7
24-Mar-16,35.5
25-Mar-16,35.3
26-Mar-16,35.1
27-Mar-16,34.9
28-Mar-16,34.7
29-Mar-16,34.7
30-Mar-16,34.5
31-Mar-16,34.2
01-Apr-16,33.9
02-Apr-16,33.9
03-Apr-16,33.9
04-Apr-16,33.6
05-Apr-16,33.5
06-Apr-16,33.3
07-Apr-16,33.1
08-Apr-16,32.9
09-Apr-16,32.8
10-Apr-16,32.5
11-Apr-16,32.3
12-Apr-16,32.1
13-Apr-16,31.9
14-Apr-16,31.6
15-Apr-16,31.4
16-Apr-16,31.2
17-Apr-16,31
18-Apr-16,30.9
19-Apr-16,30.7
20-Apr-16,30.4
21-Apr-16,30.2
22-Apr-16,30
23-Apr-16,31.6
24-Apr-16,31.9
25-Apr-16,31.9
26-Apr-16,31.8
27-Apr-16,31.8
28-Apr-16,31.7
29-Apr-16,31.7
30-Apr-16,32.5
01-May-16,32.8
02-May-16,32.8
03-May-16,32.7
04-May-16,32.5
05-May-16,32.5
06-May-16,32.4
07-May-16,32.2
08-May-16,32.1
09-May-16,32
10-May-16,31.9
11-May-16,31.8
12-May-16,31.7
13-May-16,31.5
14-May-16,31.4
15-May-16,31.3
16-May-16,31.1
17-May-16,31.1
18-May-16,31
19-May-16,30.9
20-May-16,30.8
21-May-16,30.7
22-May-16,30.6
23-May-16,30.5
24-May-16,30.4
25-May-16,30.4
26-May-16,30.4
27-May-16,30.3
28-May-16,30.2
29-May-16,30.2
30-May-16,30
31-May-16,30
01-Jun-16,29.9
02-Jun-16,29.9
03-Jun-16,29.9
04-Jun-16,29.8
05-Jun-16,29.6
06-Jun-16,29.4
07-Jun-16,29.3
08-Jun-16,29.2
09-Jun-16,29.1
10-Jun-16,29
11-Jun-16,29.5
12-Jun-16,29.7
13-Jun-16,29.7
14-Jun-16,29.7
15-Jun-16,29.7
16-Jun-16,31.5
17-Jun-16,31.9
18-Jun-16,31.9
19-Jun-16,32.1
20-Jun-16,32.6
21-Jun-16,33.7
22-Jun-16,33.8
23-Jun-16,33.9
24-Jun-16,33.9
25-Jun-16,33.9
26-Jun-16,33.8
27-Jun-16,34.2
28-Jun-16,34.9
29-Jun-16,35
30-Jun-16,35.3
01-Jul-16,35.3
02-Jul-16,36.8
03-Jul-16,37.2
04-Jul-16,37.4
05-Jul-16,37.4
06-Jul-16,38.2
07-Jul-16,38.9
08-Jul-16,39.1
09-Jul-16,39.2
10-Jul-16,39.5
11-Jul-16,39.5
12-Jul-16,39.6
13-Jul-16,39.6
14-Jul-16,39.6
15-Jul-16,39.6
16-Jul-16,39.6
17-Jul-16,39.7
18-Jul-16,39.8
19-Jul-16,39.8
20-Jul-16,39.8
21-Jul-16,41.6
22-Jul-16,42.6
23-Jul-16,43
24-Jul-16,43.5
25-Jul-16,43.5
26-Jul-16,44.1
27-Jul-16,45.4
28-Jul-16,45.5
29-Jul-16,46.8
30-Jul-16,47.3
31-Jul-16,47.8
01-Aug-16,48
02-Aug-16,48.1
03-Aug-16,48.3
04-Aug-16,48.6
05-Aug-16,48.7
06-Aug-16,48.9
07-Aug-16,48.9
08-Aug-16,49.2
09-Aug-16,49.2
10-Aug-16,49.2
11-Aug-16,49.3
12-Aug-16,49.3
13-Aug-16,48.7
14-Aug-16,48.7
15-Aug-16,50.2
16-Aug-16,50.4
17-Aug-16,50.4
18-Aug-16,50.6
19-Aug-16,50.7
20-Aug-16,50.7
21-Aug-16,50.7
22-Aug-16,51.1
23-Aug-16,51.5
24-Aug-16,51.9
25-Aug-16,52
26-Aug-16,52.1
27-Aug-16,52.1
28-Aug-16,52.1
29-Aug-16,52.1
30-Aug-16,52.1
31-Aug-16,52.1
01-Sep-16,52
02-Sep-16,52
03-Sep-16,52.1
04-Sep-16,52.2
05-Sep-16,52.1
06-Sep-16,52.6
07-Sep-16,52.8
08-Sep-16,52.8
09-Sep-16,52.9
10-Sep-16,52.9
11-Sep-16,52.9
12-Sep-16,53
13-Sep-16,53
14-Sep-16,52.9
15-Sep-16,52.8
16-Sep-16,52.8
17-Sep-16,53.2
18-Sep-16,53.2
19-Sep-16,53.3
20-Sep-16,53.3
21-Sep-16,53.3
22-Sep-16,53.3
23-Sep-16,53.3
24-Sep-16,53.2
25-Sep-16,53.2
26-Sep-16,53.3
27-Sep-16,53.3
28-Sep-16,53.3
29-Sep-16,53.3
30-Sep-16,53.3
01-Oct-16,53.3
02-Oct-16,53.3
03-Oct-16,53.2
04-Oct-16,53
05-Oct-16,53
06-Oct-16,53
07-Oct-16,52.8
08-Oct-16,52.8
09-Oct-16,52.8
10-Oct-16,52.8
11-Oct-16,52.5
12-Oct-16,52.8
13-Oct-16,52.8
14-Oct-16,52.7
15-Oct-16,52.5
16-Oct-16,52.5
17-Oct-16,52.4
18-Oct-16,52.3
19-Oct-16,52.2
20-Oct-16,52.1
21-Oct-16,52
22-Oct-16,52
23-Oct-16,51.9
24-Oct-16,51.9
25-Oct-16,51.8
26-Oct-16,51.7
27-Oct-16,51.7
28-Oct-16,51.4
29-Oct-16,51.3
30-Oct-16,51.3
31-Oct-16,51.3
01-Nov-16,51.3
02-Nov-16,51.1
03-Nov-16,51.1
04-Nov-16,51.1
05-Nov-16,50.8
06-Nov-16,50.5
07-Nov-16,50.3
08-Nov-16,50.2
09-Nov-16,50.1
10-Nov-16,49.9
11-Nov-16,49.3
12-Nov-16,49.1
13-Nov-16,49
14-Nov-16,48.9
15-Nov-16,48.7
16-Nov-16,48.3
17-Nov-16,48.1
18-Nov-16,47.9
19-Nov-16,47.9
20-Nov-16,47.9
21-Nov-16,47.5
22-Nov-16,47.7
23-Nov-16,47.5
24-Nov-16,47.4
25-Nov-16,47.3
26-Nov-16,47.3
27-Nov-16,47.3
28-Nov-16,46.7
29-Nov-16,46.6
30-Nov-16,46.4
01-Dec-16,46.3
02-Dec-16,46
03-Dec-16,46
04-Dec-16,46
05-Dec-16,45.4
06-Dec-16,45.3
07-Dec-16,45.1
08-Dec-16,44.9
09-Dec-16,44.4
10-Dec-16,44.4
11-Dec-16,44.4
12-Dec-16,44.2
13-Dec-16,44
14-Dec-16,43.8
15-Dec-16,43.6
16-Dec-16,43.6
17-Dec-16,43.6
18-Dec-16,43.6
19-Dec-16,42.9
20-Dec-16,42.7
21-Dec-16,42.2
22-Dec-16,42
23-Dec-16,41.8
24-Dec-16,41.8
25-Dec-16,41.8
26-Dec-16,41.8
27-Dec-16,41.8
28-Dec-16,40.9
29-Dec-16,40.7
30-Dec-16,40.5
31-Dec-16,40.5
01-Jan-17,40.5
02-Jan-17,39.8
03-Jan-17,39.8
04-Jan-17,39.6
05-Jan-17,39.4
06-Jan-17,39.2
07-Jan-17,39.2
08-Jan-17,39.2
09-Jan-17,38.6
10-Jan-17,38.3
11-Jan-17,38.1
12-Jan-17,37.9
13-Jan-17,37.6
14-Jan-17,37.6
15-Jan-17,37.6
16-Jan-17,36.8
17-Jan-17,36.7
18-Jan-17,36.5
19-Jan-17,36.2
20-Jan-17,36
21-Jan-17,36
22-Jan-17,36
23-Jan-17,35.2
24-Jan-17,35
25-Jan-17,34.8
26-Jan-17,34.5
27-Jan-17,34.5
28-Jan-17,34.5
29-Jan-17,34.5
30-Jan-17,34.2
31-Jan-17,34
01-Feb-17,33.7
02-Feb-17,33.4
03-Feb-17,33.2
04-Feb-17,33.2
05-Feb-17,33.2
06-Feb-17,32.4
07-Feb-17,32
08-Feb-17,32
09-Feb-17,31.9
10-Feb-17,31.1
11-Feb-17,31.1
12-Feb-17,31.1
13-Feb-17,31.4
14-Feb-17,31.2
15-Feb-17,30.4
16-Feb-17,30.3
17-Feb-17,30.1
18-Feb-17,30.1
19-Feb-17,30.1
20-Feb-17,29.5
21-Feb-17,29.2
22-Feb-17,28.9
23-Feb-17,28.7
24-Feb-17,28.6
25-Feb-17,28.6
26-Feb-17,28.6
27-Feb-17,28.2
28-Feb-17,28
01-Mar-17,27.6
02-Mar-17,27.4
03-Mar-17,27.2
04-Mar-17,27.2
05-Mar-17,27.2
06-Mar-17,26.6
07-Mar-17,26.4
08-Mar-17,26.1
09-Mar-17,25.8
10-Mar-17,25.6
11-Mar-17,25.6
12-Mar-17,25.6
13-Mar-17,25.1
14-Mar-17,24.9
15-Mar-17,24.7
16-Mar-17,24.6
17-Mar-17,24.3
18-Mar-17,24.3
19-Mar-17,24.3
20-Mar-17,23.7
21-Mar-17,23.7
22-Mar-17,23.4
23-Mar-17,23.2
24-Mar-17,23
25-Mar-17,23
26-Mar-17,23
27-Mar-17,22.4
28-Mar-17,22.2
29-Mar-17,22
30-Mar-17,21.9
31-Mar-17,21.8
01-Apr-17,21.8
02-Apr-17,21.8
03-Apr-17,21.1
04-Apr-17,21
05-Apr-17,20.9
06-Apr-17,20.6
07-Apr-17,20.5
08-Apr-17,20.5
09-Apr-17,20.5
10-Apr-17,20
11-Apr-17,19.7
12-Apr-17,19.6
13-Apr-17,19.4
14-Apr-17,19.4
15-Apr-17,19.4
16-Apr-17,19.4
17-Apr-17,18.7
18-Apr-17,18.6
19-Apr-17,18.4
20-Apr-17,18.3
21-Apr-17,18.2
22-Apr-17,18.2
23-Apr-17,18.2
24-Apr-17,17.5
25-Apr-17,17.5
26-Apr-17,17.4
27-Apr-17,17.4
28-Apr-17,17.1
29-Apr-17,17.1
30-Apr-17,17.1
01/05/2017,17.1
02/05/2017,14.9
03/05/2017,16.5
04/05/2017,16.4
05/05/2017,16.3
06/05/2017,16.3
07/05/2017,16.3
08/08/2017,15.7
09/05/2017,15.6
10/05/2017,15.5
11/05/2017,15.4
12/05/2017,15.3
13/05/2017,15.3
14/05/2017,15.3
15/05/2017,15
16/05/2017,14.9
17/05/2017,14.8
18/05/2017,14.7
19/05/2018,14.6
20/05/2019,14.6
21/05/2020,14.6
22/05/2021,14.3
23/05/2017,14.2
24/05/2017,14.2
25/05/2017,14.1
26/05/2017,14
27/05/2017,13.9
28/05/2017,13.8
29/05/2017,13.7
30/05/2017,13.6
31/05/2017,13.6
01-Jun-17,13.5
02-Jun-17,13.5
03-Jun-17,13.4
04-Jun-17,13.4
05-Jun-17,13.5
06-Jun-17,13.4
07-Jun-17,13.4
08-Jun-17,14.1
09-Jun-17,14.6
10-Jun-17,14.7
11-Jun-17,14.9
12-Jun-17,15.3
13-Jun-17,15.4
14-Jun-17,15.5
15-Jun-17,16.6
16-Jun-17,16.9
17-Jun-17,17.2
18-Jun-17,17.3
19-Jun-17,17.3
20-Jun-17,17.4
21-Jun-17,17.6
22-Jun-17,17.6
23-Jun-17,18.1
24-Jun-17,18.4
25-Jun-17,18.6
26-Jun-17,18.9
27-Jun-17,19
28-Jun-17,19
29-Jun-17,19.1
30-Jun-17,19.1
01-Jul-17,19.4
02-Jul-17,19.4
03-Jul-17,19.5
04-Jul-17,19.5
05-Jul-17,19.6
06-Jul-17,19.6
07-Jul-17,19.6
08-Jul-17,19.5
09-Jul-17,19.5
10-Jul-17,19.9
11-Jul-17,20
12-Jul-17,20
13-Jul-17,20.1
14-Jul-17,20.1
15-Jul-17,20.1
16-Jul-17,20.2
17-Jul-17,20.7
18-Jul-17,20.8
19-Jul-17,21
20-Jul-17,21.1
21-Jul-17,21.1
22-Jul-17,21.2
23-Jul-17,21.2
24-Jul-17,21.3
25-Jul-17,21.3
26-Jul-17,21.4
27-Jul-17,21.6
28-Jul-17,21.7
29-Jul-17,21.7
30-Jul-17,21.7
31-Jul-17,21.7
01-Aug-17,21.6
02-Aug-17,21.6
03-Aug-17,21.8
04-Aug-17,21.8
05-Aug-17,22.7
06-Aug-17,22.8
07-Aug-17,22.8
08-Aug-17,22.8
09-Aug-17,22.8
10-Aug-17,22.8
11-Aug-17,22.9
12-Aug-17,23.9
13-Aug-17,24.2
14-Aug-17,24.4
15-Aug-17,24.4
16-Aug-17,24.7
17-Aug-17,24.9
18-Aug-17,25.1
19-Aug-17,25.1
20-Aug-17,25.2
21-Aug-17,25.3
22-Aug-17,25.4
23-Aug-17,25.6
24-Aug-17,25.9
25-Aug-17,26.3
26-Aug-17,26.4
27-Aug-17,26.4
28-Aug-17,26.4
29-Aug-17,26.4
30-Aug-17,26.8
31-Aug-17,26.7
01-Sep-17,26.7
02-Sep-17,26.8
03-Sep-17,26.8
04-Sep-17,26.8
05-Sep-17,26.7
06-Sep-17,26.8
07-Sep-17,26.8
08-Sep-17,27
09-Sep-17,28.6
10-Sep-17,28.7
11-Sep-17,28.7
12-Sep-17,28.9
13-Sep-17,28.9
14-Sep-17,28.8
15-Sep-17,28.8
16-Sep-17,28.7
17-Sep-17,28.7
18-Sep-17,28.8
19-Sep-17,28.8
20-Sep-17,28.7
21-Sep-17,28.6
22-Sep-17,28.6
23-Sep-17,28.5
24-Sep-17,28.5
25-Sep-17,28.4
26-Sep-17,28.5
27-Sep-17,28.5
28-Sep-17,28.4
29-Sep-17,28.4
30-Sep-17,28.3
01-Oct-17,28.3
02-Oct-17,28.3
03-Oct-17,28.2
04-Oct-17,28.2
05-Oct-17,28.3
06-Oct-17,28.3
07-Oct-17,28.3
08-Oct-17,28.3
09-Oct-17,28.3
10-Oct-17,28.2
11-Oct-17,28.1
12-Oct-17,28
13-Oct-17,27.8
14-Oct-17,27.7
15-Oct-17,27.6
16-Oct-17,27.5
17-Oct-17,27.5
18-Oct-17,27.7
19-Oct-17,27.8
20-Oct-17,27.8
21-Oct-17,27.9
22-Oct-17,27.9
23-Oct-17,27.8
24-Oct-17,27.8
25-Oct-17,27.8
26-Oct-17,27.6
27-Oct-17,27.5
28-Oct-17,27.4
29-Oct-17,27.4
30-Oct-17,27.3
31-Oct-17,27.2
01-Nov-17,27.2
02-Nov-17,27
03-Nov-17,27
04-Nov-17,26.8
05-Nov-17,26.6
06-Nov-17,26.4
07-Nov-17,26.3
08-Nov-17,26.1
09-Nov-17,25.9
10-Nov-17,25.8
11-Nov-17,25.6
12-Nov-17,25.4
13-Nov-17,25.2
14-Nov-17,25.1
15-Nov-17,25
16-Nov-17,24.8
17-Nov-17,24.7
18-Nov-17,24.5
19-Nov-17,24.4
20-Nov-17,24.3
21-Nov-17,24.2
22-Nov-17,24.2
23-Nov-17,24.3
24-Nov-17,24.2
25-Nov-17,24.1
26-Nov-17,23.9
27-Nov-17,23.8
28-Nov-17,23.6
29-Nov-17,23.4
30-Nov-17,23.2
01-Dec-17,23
02-Dec-17,22.9
03-Dec-17,22.8
04-Dec-17,22.5
05-Dec-17,22.4
06-Dec-17,22.2
07-Dec-17,22
08-Dec-17,21.8
09-Dec-17,21.6
10-Dec-17,21.5
11-Dec-17,21.2
12-Dec-17,21
13-Dec-17,20.9
14-Dec-17,20.7
15-Dec-17,20.6
16-Dec-17,20.4
17-Dec-17,20.3
18-Dec-17,20.2
19-Dec-17,20
20-Dec-17,19.9
21-Dec-17,19.8
22-Dec-17,19.6
23-Dec-17,19.5
24-Dec-17,19.4
25-Dec-17,19.2
26-Dec-17,19.1
27-Dec-17,19
28-Dec-17,18.9
29-Dec-17,18.7
30-Dec-17,18.6
31-Dec-17,18.5
01-Jan-18,18.4
02-Jan-18,18.3
03-Jan-18,17.4
04-Jan-18,17.3
05-Jan-18,17.2
06-Jan-18,17.1
07-Jan-18,16.9
08-Jan-18,16.8
09-Jan-18,16.7
10-Jan-18,16.5
11-Jan-18,16.4
12-Jan-18,16.3
13-Jan-18,16.1
14-Jan-18,16
15-Jan-18,15.9
16-Jan-18,15.7
17-Jan-18,15.5
18-Jan-18,15.4
19-Jan-18,14.5
20-Jan-18,14.4
21-Jan-18,14.2
22-Jan-18,14.2
23-Jan-18,14.1
24-Jan-18,13.9
25-Jan-18,13.8
26-Jan-18,13.6
27-Jan-18,13.5
28-Jan-18,13.4
29-Jan-18,13.3
30-Jan-18,13.1
31-Jan-18,13
01-Feb-18,13
02-Feb-18,12.9
03-Feb-18,12.7
04-Feb-18,12.6
05-Feb-18,12.5
06-Feb-18,12.4
07-Feb-18,12.3
08-Feb-18,12.3
09-Feb-18,12.2
10-Feb-18,12.2
11-Feb-18,12.1
12-Feb-18,12
13-Feb-18,11.8
14-Feb-18,11.7
15-Feb-18,11.7
16-Feb-18,11.6
17-Feb-18,11.6
18-Feb-18,11.4
19-Feb-18,11.3
20-Feb-18,11.3
21-Feb-18,11.1
22-Feb-18,11.1
23-Feb-18,10.9
24-Feb-18,11
25-Feb-18,11
26-Feb-18,11.1
27-Feb-18,11.1
28-Feb-18,11
01-Mar-18,11
02-Mar-18,11
03-Mar-18,11
04-Mar-18,11
05-Mar-18,11
06-Mar-18,10.9
07-Mar-18,10.9
08-Mar-18,10.9
09-Mar-18,11
10-Mar-18,10.9
11-Mar-18,10.9
12-Mar-18,10.9
13-Mar-18,10.8
14-Mar-18,10.8
15-Mar-18,10.8
16-Mar-18,10.8
17-Mar-18,10.8
18-Mar-18,10.7
19-Mar-18,10.7
20-Mar-18,10.7
21-Mar-18,10.7
22-Mar-18,10.7
23-Mar-18,10.6
24-Mar-18,10.6
25-Mar-18,10.6
26-Mar-18,10.6
27-Mar-18,10.6
28-Mar-18,10.6
29-Mar-18,10.6
30-Mar-18,10.6
31-Mar-18,10.6
01-Apr-18,10.6
02-Apr-18,10.6
03-Apr-18,10.6
04-Apr-18,10.5
05-Apr-18,10.5
06-Apr-18,10.5
07-Apr-18,10.5
08-Apr-18,10.5
09-Apr-18,10.5
10-Apr-18,10.5
11-Apr-18,10.5
12-Apr-18,10.5
13-Apr-18,10.5
14-Apr-18,10.4
15-Apr-18,10.4
16-Apr-18,10.4
17-Apr-18,10.4
18-Apr-18,10.4
19-Apr-18,10.4
